email,nome,sobrenome,celular,data_nascimento
subsdell0@yellowpages.com,Sebastien,Ubsdell,873-961-8281,19/09/1997
abeche1@yelp.com,Averell,Beche,957-567-8521,31/07/1971
ceplett2@xinhuanet.com,Carlen,Eplett,564-615-6448,31/10/2014
tkleine3@wired.com,Tim,Kleine,417-774-0438,03/02/1998
cbann4@opera.com,Cookie,Bann,966-973-9368,29/01/2012
jmckim5@vinaora.com,Jeremiah,McKim,143-763-1667,08/06/1974
sreinbech6@4shared.com,Sonia,Reinbech,845-665-3226,07/03/2000
fwhisker7@scribd.com,Far,Whisker,634-627-5091,22/10/2010
lgrinstead8@webeden.co.uk,Luis,Grinstead,626-433-9616,17/07/1999
rcostelloe9@netlog.com,Robbi,Costelloe,507-205-0614,11/03/1954
wsimmona@themeforest.net,Warden,Simmon,266-797-2407,15/03/1961
spenellib@time.com,Swen,Penelli,952-492-2875,21/11/2006
pbatyc@about.com,Putnam,Baty,434-877-6384,06/07/1989
acresserd@craigslist.org,Arleyne,Cresser,909-322-4497,18/01/1973
fcharlicke@weibo.com,Filip,Charlick,313-747-2051,08/03/1988
egoldupf@omniture.com,Elaina,Goldup,620-297-7807,16/08/1993
aguilfoyleg@npr.org,Amity,Guilfoyle,977-941-7768,25/08/1982
msaulterh@blogger.com,Mirella,Saulter,235-289-4204,30/12/2018
kjewisi@zimbio.com,Karna,Jewis,325-263-0486,20/12/2019
srobbj@unc.edu,Shani,Robb,396-472-1193,18/12/1958
mhardypiggink@weebly.com,Madelyn,Hardy-Piggin,203-439-9649,22/11/2015
sorwinl@cbc.ca,Starr,Orwin,400-406-9004,02/03/2021
ggillingwaterm@netlog.com,Gar,Gillingwater,293-991-3612,03/08/1992
gsaturleyn@alibaba.com,Gaylord,Saturley,503-753-6960,08/03/1991
sblocko@ftc.gov,Sherman,Block,162-358-9624,21/01/1976
hbretherickp@kickstarter.com,Harlene,Bretherick,283-792-0027,31/10/2017
pphipardshearsq@nationalgeographic.com,Penn,Phipard-Shears,486-377-2218,24/08/2011
tvowdonr@hubpages.com,Tabor,Vowdon,970-931-2208,24/03/2022
kmosedalls@toplist.cz,Kliment,Mosedall,962-157-5350,14/10/1990
scherrymant@fotki.com,Stanleigh,Cherryman,841-739-8222,15/01/2008
tbeardshallu@dedecms.com,Terencio,Beardshall,100-267-4757,21/10/1980
wfishburnv@hatena.ne.jp,Wilma,Fishburn,701-770-5162,09/03/1995
mvivienw@webmd.com,Melly,Vivien,522-367-6588,02/06/1973
pheadechx@google.nl,Prue,Headech,320-915-9170,30/03/2021
gmackaigy@merriam-webster.com,Geordie,MacKaig,580-660-3279,24/09/1964
dyetmanz@vistaprint.com,Donovan,Yetman,279-675-4363,20/07/1961
aishchenko10@eventbrite.com,Alberta,Ishchenko,819-459-3146,15/03/1985
ryackiminie11@nsw.gov.au,Rivy,Yackiminie,688-812-9201,11/10/2001
ibelleny12@ehow.com,Irvin,Belleny,814-116-9426,05/05/1950
rind13@sogou.com,Rhodia,Ind,813-350-1182,05/09/1999
mtumbelty14@google.ca,Marga,Tumbelty,196-216-7812,04/06/1975
ncocklin15@chronoengine.com,Norri,Cocklin,217-305-4644,21/04/2013
bgiacomozzo16@blinklist.com,Berry,Giacomozzo,596-583-7947,19/01/1998
smcmechan17@cdbaby.com,Saba,McMechan,532-952-6413,03/11/1960
aharvard18@reddit.com,Alana,Harvard,846-142-8370,22/08/1989
tjacobsohn19@360.cn,Tatiania,Jacobsohn,836-134-7893,23/09/2012
aadamovich1a@mtv.com,Alisha,Adamovich,750-143-3818,04/12/2018
lpaling1b@shop-pro.jp,Lydia,Paling,691-369-8309,02/03/2012
kmaillard1c@utexas.edu,Kamillah,Maillard,444-346-2820,07/04/2002
rbohea1d@nbcnews.com,Retha,Bohea,294-807-0791,31/08/1962
bhemeret1e@4shared.com,Barbi,Hemeret,407-779-2856,07/12/2021
mshakshaft1f@dailymail.co.uk,Maridel,Shakshaft,388-169-3778,09/04/1990
iscrooby1g@bravesites.com,Inigo,Scrooby,245-704-3496,13/06/1984
trault1h@cdbaby.com,Tonie,Rault,177-985-9486,02/02/1969
sepsley1i@cisco.com,Seth,Epsley,775-440-0350,27/08/1982
pruppel1j@free.fr,Pierrette,Ruppel,730-757-4442,21/08/1966
mlumox1k@auda.org.au,Melinda,Lumox,473-565-7250,16/11/1956
esheekey1l@sohu.com,Elka,Sheekey,855-611-9493,17/12/1960
cmcness1m@w3.org,Corbie,McNess,618-829-4835,24/03/1958
slye1n@imgur.com,Salvatore,Lye,292-619-4186,21/11/1974
cconre1o@networksolutions.com,Catharina,Conre,275-500-3391,22/05/2015
gfearnehough1p@nationalgeographic.com,Gayle,Fearnehough,359-244-3953,19/07/1969
gfehner1q@ucoz.ru,Gratia,Fehner,921-733-4335,27/02/1992
rbeakes1r@wisc.edu,Roselin,Beakes,554-555-1290,12/09/1996
eiacobetto1s@youtu.be,Eberhard,Iacobetto,532-350-9919,26/02/1963
tsiebert1t@japanpost.jp,Tamqrah,Siebert,508-739-7286,03/02/1952
cstrachan1u@wikipedia.org,Cecile,Strachan,664-509-3061,22/04/1966
bseabridge1v@ftc.gov,Brody,Seabridge,244-280-4245,04/10/1976
nskally1w@ucsd.edu,Nat,Skally,830-916-5437,01/09/2009
anisen1x@soundcloud.com,Archaimbaud,Nisen,828-121-6937,05/06/1954
lbeadel1y@hatena.ne.jp,Leontyne,Beadel,815-377-0736,15/09/2022
sgaitung1z@independent.co.uk,Siegfried,Gaitung,636-480-7820,25/12/1955
ystrettell20@tinyurl.com,Yasmeen,Strettell,335-233-6908,07/03/1959
gcleobury21@fda.gov,Georgette,Cleobury,319-627-3310,09/08/1957
sdaft22@ucla.edu,Sergeant,Daft,180-829-7531,19/11/2020
gwindaybank23@weebly.com,Genvieve,Windaybank,227-695-1511,31/03/1975
mburndred24@theatlantic.com,Merline,Burndred,795-885-0648,08/01/1996
gdawkes25@theguardian.com,Guenevere,Dawkes,689-544-1326,05/08/1998
kcoultar26@weebly.com,Kent,Coultar,556-952-8608,11/08/1958
tkneel27@cnbc.com,Tine,Kneel,443-777-2325,20/07/1981
jturbern28@mozilla.com,Jenda,Turbern,168-473-1045,29/12/1963
ecasiroli29@cdbaby.com,Evey,Casiroli,835-150-5261,03/12/1972
laulds2a@addthis.com,Lorrie,Aulds,370-528-0933,06/06/1975
abenson2b@cargocollective.com,Ailene,Benson,144-204-7893,01/05/2010
twilcox2c@gov.uk,Theodoric,Wilcox,646-749-3416,28/11/1999
lbeckson2d@tripod.com,Lou,Beckson,168-813-8688,23/08/1951
asmieton2e@weather.com,Arlina,Smieton,332-520-7507,13/07/2015
cmalletratt2f@spiegel.de,Cecil,Malletratt,252-315-0858,05/03/1953
aadenet2g@desdev.cn,Ashby,Adenet,517-297-6268,20/12/1950
wcoat2h@t.co,Willetta,Coat,268-639-4845,15/06/2000
ppitford2i@nationalgeographic.com,Penn,Pitford,299-996-6833,07/11/1969
gpenrose2j@dailymotion.com,Gail,Penrose,380-254-8764,01/03/1983
scormack2k@freewebs.com,Sophey,Cormack,572-870-5788,20/01/1992
nmaidment2l@sciencedaily.com,Nolana,Maidment,595-565-8554,24/03/2021
korigin2m@hexun.com,Kayne,Origin,507-875-0200,18/09/1959
bsager2n@t.co,Berkly,Sager,813-967-0948,12/05/1991
tsillett2o@bigcartel.com,Tobit,Sillett,179-360-4299,12/01/1973
rgrimshaw2p@hhs.gov,Ritchie,Grimshaw,176-295-5235,26/07/1961
mfletcher2q@rambler.ru,Magdalen,Fletcher,773-997-9279,02/06/1961
gbaltrushaitis2r@creativecommons.org,Gib,Baltrushaitis,271-698-5343,26/12/1970
