logradouro,cep,cidade,estado,complemento,email
15726 Hanover Way,25218-784,Detroit,Michigan,Apto 534,subsdell0@yellowpages.com
32831 Hallows Pass,40126-058,Scranton,Pennsylvania,Apto 464,abeche1@yelp.com
3 Dakota Drive,05284-544,Grand Junction,Colorado,Apto 397,ceplett2@xinhuanet.com
35 Sauthoff Street,92824-626,Newark,New Jersey,Apto 767,tkleine3@wired.com
1 Banding Road,06404-750,Birmingham,Alabama,Apto 523,cbann4@opera.com
6631 Northwestern Court,49582-298,New York City,New York,Apto 717,jmckim5@vinaora.com
62781 Jana Circle,93108-093,Waterbury,Connecticut,Apto 672,sreinbech6@4shared.com
83425 Roth Drive,83550-204,Inglewood,California,Apto 235,fwhisker7@scribd.com
56 Dennis Avenue,46632-537,Austin,Texas,Apto 339,lgrinstead8@webeden.co.uk
2 Twin Pines Hill,56045-310,Mount Vernon,New York,Apto 298,rcostelloe9@netlog.com
14163 Anhalt Plaza,06297-632,Minneapolis,Minnesota,Apto 628,wsimmona@themeforest.net
599 Shopko Plaza,62081-326,Hampton,Virginia,Apto 870,spenellib@time.com
5920 Hudson Place,41305-712,Colorado Springs,Colorado,Apto 049,pbatyc@about.com
328 Gateway Court,15815-882,Tucson,Arizona,Apto 914,acresserd@craigslist.org
266 4th Junction,65767-679,Las Vegas,Nevada,Apto 851,fcharlicke@weibo.com
3727 Ruskin Place,52738-660,Milwaukee,Wisconsin,Apto 776,egoldupf@omniture.com
17702 Main Crossing,96205-046,Huntington,West Virginia,Apto 647,aguilfoyleg@npr.org
9 Morrow Road,03677-207,Grand Junction,Colorado,Apto 966,msaulterh@blogger.com
0 Elka Terrace,04279-336,Albuquerque,New Mexico,Apto 433,kjewisi@zimbio.com
356 Schlimgen Junction,40587-614,Modesto,California,Apto 975,srobbj@unc.edu
9 New Castle Center,26686-562,Minneapolis,Minnesota,Apto 243,mhardypiggink@weebly.com
19 Cottonwood Street,22754-191,Topeka,Kansas,Apto 920,sorwinl@cbc.ca
03020 Ridgeview Parkway,58686-494,Irvine,California,Apto 245,ggillingwaterm@netlog.com
10 Ruskin Court,48280-104,Huntington Beach,California,Apto 777,gsaturleyn@alibaba.com
4 Cardinal Street,85685-174,Corona,California,Apto 069,sblocko@ftc.gov
3732 Shoshone Circle,84753-561,Inglewood,California,Apto 186,hbretherickp@kickstarter.com
09649 Lawn Road,33975-130,Roanoke,Virginia,Apto 067,pphipardshearsq@nationalgeographic.com
43 Farragut Drive,88190-898,Springfield,Illinois,Apto 837,tvowdonr@hubpages.com
423 Sutteridge Road,37846-083,Pensacola,Florida,Apto 558,kmosedalls@toplist.cz
2595 Raven Junction,87620-192,Richmond,Virginia,Apto 605,scherrymant@fotki.com
11 Susan Terrace,45356-184,Kent,Washington,Apto 208,tbeardshallu@dedecms.com
51075 6th Drive,98796-349,Cedar Rapids,Iowa,Apto 093,wfishburnv@hatena.ne.jp
6 Knutson Hill,99311-506,Charlotte,North Carolina,Apto 235,mvivienw@webmd.com
6 Meadow Vale Way,24696-173,Pensacola,Florida,Apto 472,pheadechx@google.nl
209 Di Loreto Junction,11236-750,Sacramento,California,Apto 466,gmackaigy@merriam-webster.com
25 Colorado Way,08709-511,Chicago,Illinois,Apto 510,dyetmanz@vistaprint.com
23195 Cardinal Parkway,95419-452,Philadelphia,Pennsylvania,Apto 147,aishchenko10@eventbrite.com
59874 Larry Center,61699-659,Roanoke,Virginia,Apto 579,ryackiminie11@nsw.gov.au
63 Manufacturers Way,21009-577,Washington,District of Columbia,Apto 996,ibelleny12@ehow.com
42 Fordem Court,69486-341,Fort Pierce,Florida,Apto 900,rind13@sogou.com
09 Cody Drive,37646-539,Nashville,Tennessee,Apto 426,mtumbelty14@google.ca
7 Macpherson Crossing,49513-655,Irvine,California,Apto 905,ncocklin15@chronoengine.com
84 Lindbergh Point,63710-287,Wichita Falls,Texas,Apto 938,bgiacomozzo16@blinklist.com
795 Ramsey Plaza,24652-664,Fresno,California,Apto 462,smcmechan17@cdbaby.com
25926 Upham Avenue,17051-926,Washington,District of Columbia,Apto 740,aharvard18@reddit.com
34873 Manley Road,18447-687,Des Moines,Iowa,Apto 574,tjacobsohn19@360.cn
894 Debs Street,19628-430,San Diego,California,Apto 437,aadamovich1a@mtv.com
7446 Trailsway Avenue,99722-152,Orlando,Florida,Apto 826,lpaling1b@shop-pro.jp
21 Butterfield Avenue,93378-401,Charlotte,North Carolina,Apto 987,kmaillard1c@utexas.edu
8 Everett Street,03295-887,Evansville,Indiana,Apto 280,rbohea1d@nbcnews.com
83212 Hollow Ridge Crossing,10998-938,Oklahoma City,Oklahoma,Apto 318,bhemeret1e@4shared.com
8 Pawling Junction,93420-110,New York City,New York,Apto 714,mshakshaft1f@dailymail.co.uk
79 Arrowood Hill,68734-925,Santa Ana,California,Apto 095,iscrooby1g@bravesites.com
0 Mendota Circle,85785-243,Columbia,South Carolina,Apto 105,trault1h@cdbaby.com
23360 Starling Circle,74627-497,New Orleans,Louisiana,Apto 277,sepsley1i@cisco.com
09638 Oxford Road,93325-804,Jacksonville,Florida,Apto 240,pruppel1j@free.fr
29 Park Meadow Pass,59799-891,Lehigh Acres,Florida,Apto 824,mlumox1k@auda.org.au
6 Victoria Park,41515-472,White Plains,New York,Apto 775,esheekey1l@sohu.com
45738 Nova Road,30216-621,Springfield,Illinois,Apto 241,cmcness1m@w3.org
71 Reinke Court,50005-698,Dallas,Texas,Apto 355,slye1n@imgur.com
43 Kings Trail,76019-661,Knoxville,Tennessee,Apto 173,cconre1o@networksolutions.com
0838 Heffernan Terrace,06871-982,Tampa,Florida,Apto 567,gfearnehough1p@nationalgeographic.com
9 Emmet Trail,16402-768,New York City,New York,Apto 412,gfehner1q@ucoz.ru
70891 Anniversary Road,22975-299,Huntington,West Virginia,Apto 828,rbeakes1r@wisc.edu
062 Loeprich Road,37722-454,North Little Rock,Arkansas,Apto 492,eiacobetto1s@youtu.be
3 Thierer Road,61569-290,Sacramento,California,Apto 781,tsiebert1t@japanpost.jp
9213 Becker Road,90216-327,Modesto,California,Apto 059,cstrachan1u@wikipedia.org
018 Mifflin Point,36480-882,Austin,Texas,Apto 094,bseabridge1v@ftc.gov
921 Sunfield Road,07384-578,Los Angeles,California,Apto 649,nskally1w@ucsd.edu
670 Grasskamp Parkway,68154-546,Detroit,Michigan,Apto 538,anisen1x@soundcloud.com
0426 David Court,64701-973,Shreveport,Louisiana,Apto 386,lbeadel1y@hatena.ne.jp
2848 Heffernan Avenue,04216-015,Arlington,Texas,Apto 786,sgaitung1z@independent.co.uk
859 Butternut Alley,02187-176,Seattle,Washington,Apto 941,ystrettell20@tinyurl.com
916 Logan Road,49980-024,Sacramento,California,Apto 282,gcleobury21@fda.gov
0473 Thompson Trail,60510-421,Flint,Michigan,Apto 844,sdaft22@ucla.edu
028 Sullivan Terrace,87215-511,Waco,Texas,Apto 149,gwindaybank23@weebly.com
39 Kropf Terrace,14619-929,Waterbury,Connecticut,Apto 796,mburndred24@theatlantic.com
017 Sunbrook Pass,75398-094,Chico,California,Apto 352,gdawkes25@theguardian.com
505 Amoth Crossing,65313-882,Louisville,Kentucky,Apto 276,kcoultar26@weebly.com
00 Caliangt Plaza,15619-590,Sioux City,Iowa,Apto 934,tkneel27@cnbc.com
54 Main Place,12045-588,Orange,California,Apto 333,jturbern28@mozilla.com
86790 Linden Plaza,37316-879,Kansas City,Missouri,Apto 051,ecasiroli29@cdbaby.com
8389 Mayfield Terrace,09066-483,Honolulu,Hawaii,Apto 250,laulds2a@addthis.com
5 Clove Court,60368-166,Tacoma,Washington,Apto 668,abenson2b@cargocollective.com
21543 Almo Trail,04064-080,Louisville,Kentucky,Apto 641,twilcox2c@gov.uk
72750 Village Hill,55305-705,Tallahassee,Florida,Apto 231,lbeckson2d@tripod.com
923 Lotheville Street,09319-782,Miami Beach,Florida,Apto 646,asmieton2e@weather.com
32259 Lukken Lane,69491-730,Las Vegas,Nevada,Apto 033,cmalletratt2f@spiegel.de
140 Vernon Street,32642-656,Jackson,Mississippi,Apto 053,aadenet2g@desdev.cn
2199 Glendale Place,67719-861,Fort Myers,Florida,Apto 838,wcoat2h@t.co
2 Leroy Avenue,64550-553,Philadelphia,Pennsylvania,Apto 883,ppitford2i@nationalgeographic.com
46320 Mockingbird Center,30060-560,Tyler,Texas,Apto 941,gpenrose2j@dailymotion.com
05 Summer Ridge Lane,11264-461,Zephyrhills,Florida,Apto 146,scormack2k@freewebs.com
290 Chinook Road,47802-920,Montpelier,Vermont,Apto 490,nmaidment2l@sciencedaily.com
149 Fairview Trail,62825-968,Miami,Florida,Apto 338,korigin2m@hexun.com
197 American Ash Center,52927-001,Pittsburgh,Pennsylvania,Apto 679,bsager2n@t.co
38 Loftsgordon Avenue,81826-651,Vancouver,Washington,Apto 351,tsillett2o@bigcartel.com
3148 Talisman Drive,60992-387,Atlanta,Georgia,Apto 881,rgrimshaw2p@hhs.gov
33 Melrose Road,52333-190,Orange,California,Apto 174,mfletcher2q@rambler.ru
0 Kingsford Way,82253-838,Washington,District of Columbia,Apto 303,gbaltrushaitis2r@creativecommons.org
